{"version": "3.3.8", "architecture": "pynini", "train_date": "2025-11-07 18:42:10.106022", "phones": ["AA0", "AA1", "AA2", "AE0", "AE1", "AE2", "AH0", "AH1", "AH2", "AO0", "AO1", "AO2", "AW0", "AW1", "AW2", "AY0", "AY1", "AY2", "B", "CH", "D", "DH", "EH0", "EH1", "EH2", "ER0", "ER1", "ER2", "EY0", "EY1", "EY2", "F", "G", "HH", "IH0", "IH1", "IH2", "IY0", "IY1", "IY2", "JH", "K", "L", "M", "N", "NG", "OW0", "OW1", "OW2", "OY0", "OY1", "OY2", "P", "R", "S", "SH", "T", "TH", "UH0", "UH1", "UH2", "UW0", "UW1", "UW2", "V", "W", "Y", "Z", "ZH"], "graphemes": ["k", "c", "t", "'", "f", "l", "i", "p", "x", "d", "a", "o", "r", "w", "z", "n", "q", "j", "s", "v", "y", "h", "u", "g", "m", "b", "e"], "unicode_decomposition": false, "evaluation": {}, "training": {"num_words": 199858, "num_graphemes": 27, "num_phones": 69}}